{
  "wns_ps": -550,
  "tns_ps": -5500,
  "hot_ratio": 0.39999999999999997,
  "total_power_mw": 12.5,
  "capture_time": "2026-01-12T04:22:35.131477+00:00"
}