{
  "wns_ps": -550,
  "tns_ps": -5500,
  "hot_ratio": 0.39999999999999997,
  "total_power_mw": 12.5,
  "capture_time": "2026-01-13T03:26:41.761157+00:00"
}